Date,Description,Amount,Balance
9/19/2023 12:56PM,UGRYD 5900 Vending,-4.00,1311.28
9/19/2023 12:40PM,Panther Grocery 74,-8.38,1315.28
9/19/2023 09:23AM,UGRYD 5900 Vending,-4.00,1323.66
9/18/2023 11:15PM,UGRYD 5900 Vending,-3.85,1327.66
9/18/2023 08:40PM,UGRYD 5900 Vending,-4.00,1331.51
9/18/2023 03:39PM,Panther Grocery 74,-6.59,1335.51
9/18/2023 08:30AM,Panther Grocery 74,-5.29,1342.10
9/18/2023 06:32AM,UGRYD 5900 Vending,-4.10,1347.39
9/17/2023 09:20PM,UGRYD 5900 Vending,-3.85,1351.49
9/17/2023 03:28PM,Panther Grocery 74,-1.18,1355.34
9/17/2023 11:10AM,Panther Dining 70 WS6,-9.50,1356.52
9/16/2023 03:43PM,Panther Grocery 74,-11.15,1366.02
9/16/2023 09:39AM,UGRYD 5900 Vending,-4.10,1377.17
9/15/2023 04:34PM,UGRYD 5900 Vending,-4.10,1381.27
9/15/2023 10:56AM,Panther Grocery 74,-11.07,1385.37
9/14/2023 10:05PM,UGRYD 5900 Vending,-3.85,1396.44
9/14/2023 10:04PM,UGRYD 5900 Vending,-3.85,1400.29
9/14/2023 01:50PM,Panther Grocery 74,-6.38,1404.14
9/14/2023 09:14AM,Panther Grocery 74,-6.78,1410.52
9/13/2023 03:55PM,Panther Grocery 74,-8.27,1417.30
9/13/2023 10:59AM,Panther Grocery 74,-7.48,1425.57
9/13/2023 09:54AM,UGRYD 5900 Vending,-4.00,1433.05
9/12/2023 03:22PM,Panther Grocery 74,-6.78,1437.05
9/12/2023 08:59AM,UGRYD 5900 Vending,-3.85,1443.83
9/12/2023 08:59AM,UGRYD 5900 Vending,-3.85,1447.68
9/11/2023 06:10PM,UGRYD 5900 Vending,-4.00,1451.53
9/11/2023 11:15AM,Panther Grocery 74,-10.37,1455.53
9/10/2023 01:34PM,Panther Grocery 74,-5.58,1465.90
9/10/2023 12:13PM,Panther Dining 70 WS6,-9.50,1471.48
9/09/2023 04:17PM,Panther Grocery 74,-10.65,1480.98
9/09/2023 12:49PM,Panther Grocery 74,-5.98,1491.63
9/09/2023 11:39AM,Panther Grocery 74,-3.19,1497.61
9/08/2023 11:01AM,Panther Grocery 74,-14.16,1500.80
9/08/2023 08:46AM,Panther Grocery 74,-3.19,1514.96
9/07/2023 03:21PM,Panther Grocery 74,-6.28,1518.15
9/07/2023 09:16AM,Panther Grocery 74,-10.26,1524.43
9/06/2023 06:29PM,Panther Grocery 74,-10.36,1534.69
9/06/2023 04:42PM,UGRYD 5900 Vending,-2.75,1545.05
9/06/2023 10:58AM,Panther Grocery 74,-7.87,1547.80
9/06/2023 08:07AM,UGRYD 5900 Vending,-4.10,1555.67
9/05/2023 10:32PM,Rat Main Line 83,-1.69,1559.77
9/05/2023 10:31PM,Rat Main Line 83,-12.39,1561.46
9/05/2023 04:44PM,Panther Grocery 74,-1.39,1573.85
9/05/2023 01:50PM,Panther Grocery 74,-9.37,1575.24
9/05/2023 10:49AM,Panther Grocery 74,-6.18,1584.61
9/05/2023 09:29AM,UGRYD 5900 Vending,-4.00,1590.79
9/04/2023 04:30PM,Panther Grocery 74,-7.08,1594.79
9/04/2023 10:56AM,Panther Grocery 74,-9.57,1601.87
9/04/2023 01:12AM,UGRYD 5900 Vending,-3.85,1611.44
9/04/2023 01:12AM,UGRYD 5900 Vending,-6.35,1615.29
9/03/2023 02:30PM,Panther Dining 70 WS6,-9.50,1621.64
9/02/2023 10:16PM,Rat Main Line 83,-15.08,1631.14
9/02/2023 10:54AM,Panther Grocery 74,-14.76,1646.22
9/01/2023 04:53PM,Panther Grocery 74,-9.18,1660.98
9/01/2023 11:02AM,Panther Grocery 74,-8.58,1670.16
8/31/2023 01:50PM,Panther Grocery 74,-9.37,1678.74
8/31/2023 09:03AM,UGRYD 5900 Vending,-4.10,1688.11
8/31/2023 08:26AM,Panther Grocery 74,-5.29,1692.21
8/31/2023 12:07AM,UGRYD 5900 Vending,-3.85,1697.50
8/30/2023 06:50PM,UGRYD 5900 Vending,-4.00,1701.35
8/30/2023 10:57AM,Panther Grocery 74,-8.87,1705.35
8/29/2023 10:04PM,Rat Main Line 83,-19.68,1714.22
8/29/2023 03:21PM,Panther Grocery 74,-3.19,1733.90
8/29/2023 01:34PM,Panther Grocery 74,-12.57,1737.09
8/29/2023 09:25AM,UGRYD 5900 Vending,-4.00,1749.66
8/28/2023 05:17PM,Panther Grocery 74,-10.34,1753.66
8/28/2023 11:24AM,Panther Grocery 74,-10.97,1764.00
8/27/2023 04:05PM,Panther Grocery 74,-3.24,1774.97
8/27/2023 03:19PM,UGRYD 5900 Vending,-2.85,1778.21
8/27/2023 12:38PM,Panther Dining 70 WS6,-9.50,1781.06
8/27/2023 02:59AM,UGRYD 5900 Vending,-2.60,1790.56
8/27/2023 02:00AM,UGRYD 5900 Vending,-2.25,1793.16
8/26/2023 10:16PM,Rat Main Line 83,-9.88,1795.41
8/26/2023 06:16PM,Panther Grocery 72,-8.75,1805.29
8/21/2023 08:53PM,Panther Grocery 74,-5.66,1814.04
8/21/2023 06:40PM,Panther Dining 70 WS6,-10.50,1819.70
8/21/2023 11:05AM,Panther Grocery 74,-14.76,1830.20
8/20/2023 06:20PM,Panther Dining 70 WS6,-10.50,1844.96
8/20/2023 11:44AM,Panther Grocery 74,-20.34,1855.46
8/19/2023 11:28AM,Panther Grocery 74,-7.43,1875.80
8/19/2023 12:32AM,UGRYD 5900 Vending,-3.85,1883.23
8/19/2023 12:32AM,UGRYD 5900 Vending,-3.85,1887.08
8/18/2023 03:26PM,Panther Grocery 72,-9.07,1890.93
7/24/2023 02:48PM,PatronImport Location - Credit,1900.00,1900.00
5/10/2023 03:05PM,PatronImport Location - SV&C Plan Sell,-2.63,0.00
5/03/2023 09:12AM,AERO Einstein Bagels 91,-2.39,2.63
5/02/2023 09:55PM,UGRYD 5900 Vending,-3.10,5.02
5/02/2023 09:54PM,UGRYD 5900 Vending,-3.85,8.12
5/02/2023 08:49AM,AERO Einstein Bagels 92,-5.09,11.97
5/01/2023 11:57PM,UGRYD 5900 Vending,-7.25,17.06
5/01/2023 08:20PM,UGRYD 5900 Vending,-2.25,24.31
5/01/2023 03:55PM,AERO Firehouse 96,-2.99,26.56
5/01/2023 02:50PM,Panther Grocery 74,-7.16,29.55
5/01/2023 08:46AM,AERO Einstein Bagels 92,-9.48,36.71
4/30/2023 11:16PM,UGRYD 5900 Vending,-5.00,46.19
4/30/2023 11:16PM,UGRYD 5900 Vending,-4.10,51.19
4/30/2023 04:02PM,Panther Grocery 74,-6.98,55.29
4/30/2023 11:16AM,UGRYD 5900 Vending,-4.00,62.27
4/29/2023 06:48PM,Panther Dining 70 WS6,-10.00,66.27
4/29/2023 04:38PM,UGRYD 5900 Vending,-2.70,76.27
4/29/2023 02:25PM,UGRYD 5900 Vending,-3.85,78.97
4/29/2023 09:47AM,UGRYD 5900 Vending,-4.00,82.82
4/29/2023 09:02AM,Panther Grocery 74,-1.89,86.82
4/28/2023 02:33PM,Panther Grocery 74,-7.18,88.71
4/27/2023 01:03PM,UGRYD 5900 Vending,-3.75,95.89
4/27/2023 12:56PM,Panther Grocery 74,-15.16,99.64
4/26/2023 06:20PM,Panther Grocery 74,-5.58,114.80
4/26/2023 03:06PM,Panther Grocery 74,-13.67,120.38
4/25/2023 03:13PM,Panther Grocery 74,-7.48,134.05
4/25/2023 01:54PM,Panther Grocery 74,-1.79,141.53
4/25/2023 12:59PM,Panther Grocery 74,-7.18,143.32
4/25/2023 11:12AM,Center Court 76,-5.35,150.50
4/24/2023 09:42PM,UGRYD 5900 Vending,-3.85,155.85
4/24/2023 09:42PM,UGRYD 5900 Vending,-3.85,159.70
4/24/2023 07:25PM,Panther Grocery 74,-2.39,163.55
4/24/2023 06:27PM,UGRYD 5900 Vending,-3.85,165.94
4/21/2023 01:01PM,UGRYD 5900 Vending,-4.00,169.79
4/21/2023 01:26AM,UGRYD 5900 Vending,-3.85,173.79
4/21/2023 01:25AM,UGRYD 5900 Vending,-3.85,177.64
4/21/2023 01:25AM,UGRYD 5900 Vending,-3.85,181.49
4/21/2023 01:23AM,UGRYD 5900 Vending,-3.75,185.34
4/21/2023 01:20AM,UGRYD 5900 Vending,-3.75,189.09
4/21/2023 01:18AM,UGRYD 5900 Vending,-3.75,192.84
4/21/2023 01:17AM,UGRYD 5900 Vending,-3.75,196.59
4/21/2023 01:17AM,UGRYD 5900 Vending,-3.75,200.34
4/20/2023 03:16PM,UGRYD 5900 Vending,-2.25,204.09
4/20/2023 11:51AM,UGRYD 5900 Vending,-4.00,206.34
4/19/2023 06:23PM,Panther Grocery 74,-1.89,210.34
4/19/2023 02:50PM,UGRYD 5900 Vending,-3.85,212.23
4/19/2023 02:48PM,UGRYD 5900 Vending,-3.85,216.08
4/19/2023 10:58AM,UGRYD 5900 Vending,-4.00,219.93
4/18/2023 01:00PM,Panther Grocery 74,-1.19,223.93
4/18/2023 12:54PM,UGRYD 5900 Vending,-3.75,225.12
4/18/2023 12:53PM,UGRYD 5900 Vending,-3.75,228.87
4/18/2023 10:36AM,UGRYD 5900 Vending,-4.00,232.62
4/17/2023 06:27PM,Panther Grocery 74,-13.16,236.62
4/17/2023 04:38PM,Center Court 76,-5.95,249.78
4/17/2023 01:59PM,UGRYD 5900 Vending,-4.00,255.73
4/17/2023 12:00PM,Panther Grocery 74,-1.89,259.73
4/17/2023 10:50AM,UGRYD 5900 Vending,-3.75,261.62
4/17/2023 10:49AM,UGRYD 5900 Vending,-3.75,265.37
4/16/2023 09:30PM,UGRYD 5900 Vending,-7.50,269.12
4/15/2023 11:36PM,UGRYD 5900 Vending,-3.85,276.62
4/15/2023 11:35PM,UGRYD 5900 Vending,-3.85,280.47
4/15/2023 01:16AM,UGRYD 5900 Vending,-3.50,284.32
4/15/2023 01:14AM,UGRYD 5900 Vending,-6.00,287.82
4/15/2023 01:11AM,UGRYD 5900 Vending,-4.45,293.82
4/14/2023 07:51PM,UGRYD 5900 Vending,-7.50,298.27
4/14/2023 06:08PM,Panther Grocery 74,-11.47,305.77
4/14/2023 04:21PM,UGRYD 5900 Vending,-2.35,317.24
4/14/2023 02:19PM,UGRYD 5900 Vending,-4.00,319.59
4/14/2023 10:44AM,UGRYD 5900 Vending,-4.00,323.59
4/13/2023 11:11PM,UGRYD 5900 Vending,-7.50,327.59
4/13/2023 11:09PM,UGRYD 5900 Vending,-2.35,335.09
4/13/2023 03:03PM,UGRYD 5900 Vending,-3.75,337.44
4/13/2023 11:54AM,UGRYD 5900 Vending,-4.00,341.19
4/12/2023 11:32PM,UGRYD 5900 Vending,-3.75,345.19
4/12/2023 11:31PM,UGRYD 5900 Vending,-3.75,348.94
4/12/2023 06:26PM,Panther Grocery 74,-4.28,352.69
4/12/2023 03:01PM,Panther Grocery 74,-2.59,356.97
4/12/2023 12:51PM,UGRYD 5900 Vending,-3.75,359.56
4/11/2023 11:55PM,UGRYD 5900 Vending,-3.85,363.31
4/11/2023 11:54PM,UGRYD 5900 Vending,-3.85,367.16
4/11/2023 03:03PM,UGRYD 5900 Vending,-3.75,371.01
4/11/2023 12:58PM,Panther Grocery 74,-2.29,374.76
4/11/2023 02:24AM,UGRYD 5900 Vending,-3.75,377.05
4/10/2023 11:17PM,UGRYD 5900 Vending,-7.50,380.80
4/10/2023 06:29PM,Panther Grocery 74,-4.58,388.30
4/10/2023 01:55PM,UGRYD 5900 Vending,-4.00,392.88
4/10/2023 11:55AM,UGRYD 5900 Vending,-2.85,396.88
4/10/2023 10:51AM,Panther Grocery 74,-2.39,399.73
4/10/2023 01:17AM,UGRYD 5900 Vending,-3.85,402.12
4/10/2023 01:16AM,UGRYD 5900 Vending,-4.10,405.97
4/09/2023 07:49PM,Panther Grocery 74,-6.79,410.07
4/09/2023 04:52PM,UGRYD 5900 Vending,-3.85,416.86
4/09/2023 04:52PM,UGRYD 5900 Vending,-3.85,420.71
4/09/2023 04:50PM,UGRYD 5900 Vending,-4.10,424.56
4/09/2023 10:57AM,UGRYD 5900 Vending,-4.10,428.66
4/09/2023 12:48AM,UGRYD 5900 Vending,-3.75,432.76
4/08/2023 08:21PM,UGRYD 5900 Vending,-4.10,436.51
4/08/2023 08:19PM,UGRYD 5900 Vending,-3.75,440.61
4/08/2023 08:18PM,UGRYD 5900 Vending,-3.75,444.36
4/08/2023 06:05PM,Panther Grocery 74,-11.91,448.11
4/08/2023 02:33AM,UGRYD 5900 Vending,-2.25,460.02
4/08/2023 02:33AM,UGRYD 5900 Vending,-2.25,462.27
4/07/2023 11:19PM,UGRYD 5900 Vending,-2.25,464.52
4/07/2023 11:18PM,UGRYD 5900 Vending,-3.75,466.77
4/07/2023 11:18PM,UGRYD 5900 Vending,-3.75,470.52
4/07/2023 06:23PM,Panther Grocery 74,-2.29,474.27
4/07/2023 04:37PM,UGRYD 5900 Vending,-3.85,476.56
4/07/2023 04:37PM,UGRYD 5900 Vending,-2.85,480.41
4/07/2023 10:58AM,UGRYD 5900 Vending,-4.10,483.26
4/07/2023 02:06AM,UGRYD 5900 Vending,-3.75,487.36
4/07/2023 02:05AM,UGRYD 5900 Vending,-3.75,491.11
4/06/2023 03:18PM,UGRYD 5900 Vending,-3.75,494.86
4/05/2023 06:34PM,Panther Grocery 74,-4.28,498.61
4/05/2023 04:53PM,UGRYD 5900 Vending,-4.00,502.89
4/05/2023 03:04PM,UGRYD 5900 Vending,-3.75,506.89
4/05/2023 12:58PM,UGRYD 5900 Vending,-7.50,510.64
4/05/2023 02:00AM,UGRYD 5900 Vending,-2.25,518.14
4/04/2023 04:55PM,UGRYD 5900 Vending,-3.75,520.39
4/04/2023 04:54PM,UGRYD 5900 Vending,-3.75,524.14
4/04/2023 03:06PM,Panther Grocery 74,-2.29,527.89
4/04/2023 01:09PM,UGRYD 5900 Vending,-2.25,530.18
4/04/2023 09:53AM,UGRYD 5900 Vending,-4.10,532.43
4/04/2023 12:14AM,UGRYD 5900 Vending,-2.25,536.53
4/03/2023 10:15PM,UGRYD 5900 Vending,-4.10,538.78
4/03/2023 09:05PM,UGRYD 5900 Vending,-3.75,542.88
4/03/2023 09:04PM,UGRYD 5900 Vending,-3.75,546.63
4/03/2023 03:03PM,UGRYD 5900 Vending,-4.10,550.38
4/03/2023 02:53PM,Panther Grocery 74,-12.76,554.48
4/03/2023 12:27PM,UGRYD 5900 Vending,-3.75,567.24
4/02/2023 11:56PM,UGRYD 5900 Vending,-2.25,570.99
4/02/2023 10:58PM,UGRYD 5900 Vending,-2.25,573.24
4/02/2023 06:58PM,UGRYD 5900 Vending,-3.75,575.49
4/02/2023 06:57PM,UGRYD 5900 Vending,-3.75,579.24
4/02/2023 06:30PM,UGRYD 5900 Vending,-4.10,582.99
4/02/2023 05:26PM,UGRYD 5900 Vending,-2.85,587.09
4/02/2023 03:49PM,Panther Grocery 74,-4.38,589.94
4/02/2023 01:47AM,UGRYD 5900 Vending,-2.35,594.32
4/01/2023 09:53PM,UGRYD 5900 Vending,-3.85,596.67
4/01/2023 06:42PM,UGRYD 5900 Vending,-3.75,600.52
4/01/2023 06:42PM,UGRYD 5900 Vending,-3.75,604.27
4/01/2023 05:31PM,UGRYD 5900 Vending,-2.25,608.02
4/01/2023 03:54PM,UGRYD 5900 Vending,-4.10,610.27
4/01/2023 03:18AM,UGRYD 5900 Vending,-2.25,614.37
4/01/2023 12:30AM,UGRYD 5900 Vending,-2.75,616.62
3/31/2023 09:02PM,UGRYD 5900 Vending,-3.75,619.37
3/31/2023 09:01PM,UGRYD 5900 Vending,-3.75,623.12
3/31/2023 03:38PM,UGRYD 5900 Vending,-2.85,626.87
3/31/2023 01:53PM,UGRYD 5900 Vending,-3.75,629.72
3/31/2023 12:00PM,Panther Grocery 74,-3.09,633.47
3/31/2023 01:58AM,UGRYD 5900 Vending,-3.85,636.56
3/31/2023 01:57AM,UGRYD 5900 Vending,-3.85,640.41
3/30/2023 04:43PM,Panther Grocery 74,-4.78,644.26
3/30/2023 11:53AM,UGRYD 5900 Vending,-4.00,649.04
3/30/2023 12:51AM,UGRYD 5900 Vending,-3.75,653.04
3/30/2023 12:50AM,UGRYD 5900 Vending,-3.75,656.79
3/29/2023 02:04AM,UGRYD 5900 Vending,-3.85,660.54
3/29/2023 02:03AM,UGRYD 5900 Vending,-3.85,664.39
3/28/2023 10:59AM,UGRYD 5900 Vending,-4.10,668.24
3/28/2023 02:12AM,UGRYD 5900 Vending,-4.10,672.34
3/27/2023 09:58PM,UGRYD 5900 Vending,-3.85,676.44
3/27/2023 09:58PM,UGRYD 5900 Vending,-3.85,680.29
3/27/2023 03:10PM,UGRYD 5900 Vending,-3.75,684.14
3/27/2023 11:51AM,UGRYD 5900 Vending,-3.75,687.89
3/27/2023 01:40AM,UGRYD 5900 Vending,-3.75,691.64
3/26/2023 10:55PM,UGRYD 5900 Vending,-3.75,695.39
3/26/2023 10:54PM,UGRYD 5900 Vending,-3.75,699.14
3/26/2023 03:09AM,UGRYD 5900 Vending,-3.75,702.89
3/26/2023 01:45AM,UGRYD 5900 Vending,-3.75,706.64
3/25/2023 10:36PM,UGRYD 5900 Vending,-3.75,710.39
3/25/2023 03:35AM,UGRYD 5900 Vending,-2.25,714.14
3/25/2023 03:35AM,UGRYD 5900 Vending,-5.50,716.39
3/24/2023 11:09PM,UGRYD 5900 Vending,-3.75,721.89
3/24/2023 04:33PM,Panther Grocery 74,-10.17,725.64
3/24/2023 11:53AM,Panther Grocery 74,-7.48,735.81
3/23/2023 08:49PM,Panther Grocery 74,-3.59,743.29
3/23/2023 04:38PM,Panther Grocery 74,-3.59,746.88
3/23/2023 01:46PM,Panther Grocery 74,-8.77,750.47
3/22/2023 06:19PM,Panther Dining 70 WS6,-10.00,759.24
3/22/2023 03:13PM,Panther Grocery 74,-9.08,769.24
3/22/2023 12:20PM,UGRYD 5900 Vending,-3.75,778.32
3/22/2023 12:12PM,Panther Grocery 74,-3.59,782.07
3/21/2023 08:21PM,Panther Grocery 74,-11.25,785.66
3/21/2023 11:52AM,UGRYD 5900 Vending,-4.00,796.91
3/21/2023 09:20AM,Panther Grocery 74,-10.77,800.91
3/21/2023 07:23AM,Panther Grocery 74,-7.48,811.68
3/21/2023 01:15AM,UGRYD 5900 Vending,-3.75,819.16
3/20/2023 04:37PM,Panther Grocery 74,-7.48,822.91
3/20/2023 12:26PM,Panther Grocery 74,-10.57,830.39
3/19/2023 10:33PM,UGRYD 5900 Vending,-3.75,840.96
3/19/2023 09:23PM,Rat Main Line 83,-17.67,844.71
3/08/2023 01:55PM,Panther Grocery 74,-6.28,862.38
3/08/2023 12:17PM,Panther Grocery 74,-6.28,868.66
3/07/2023 06:59PM,Panther Grocery 74,-10.38,874.94
3/07/2023 01:44PM,Panther Grocery 74,-6.28,885.32
3/07/2023 10:49AM,Panther Grocery 74,-6.28,891.60
3/06/2023 06:23PM,Panther Grocery 74,-4.78,897.88
3/06/2023 11:55AM,Panther Grocery 74,-6.28,902.66
3/06/2023 09:36AM,Panther Grocery 74,-6.28,908.94
3/05/2023 01:36PM,Panther Grocery 74,-12.56,915.22
3/04/2023 05:00PM,Panther Grocery 74,-7.27,927.78
3/04/2023 12:28AM,UGRYD 5900 Vending,-3.60,935.05
3/04/2023 12:27AM,UGRYD 5900 Vending,-5.50,938.65
3/03/2023 02:52PM,Panther Grocery 74,-9.27,944.15
3/03/2023 12:26PM,UGRYD 5900 Vending,-1.75,953.42
3/03/2023 12:21PM,Panther Grocery 74,-7.48,955.17
3/03/2023 12:00AM,UGRYD 5900 Vending,-3.60,962.65
3/02/2023 11:59PM,UGRYD 5900 Vending,-2.75,966.25
3/02/2023 04:23PM,Panther Grocery 74,-2.39,969.00
3/02/2023 01:51PM,UGRYD 5900 Vending,-3.60,971.39
3/02/2023 01:01PM,Panther Grocery 74,-2.39,974.99
3/02/2023 09:43AM,Panther Grocery 74,-7.68,977.38
3/01/2023 06:32PM,Panther Grocery 74,-6.37,985.06
3/01/2023 12:32PM,Panther Grocery 74,-6.28,991.43
3/01/2023 10:26AM,Panther Grocery 74,-6.28,997.71
2/28/2023 08:09PM,Panther Grocery 74,-3.68,1003.99
2/28/2023 01:51PM,Panther Grocery 74,-6.28,1007.67
2/28/2023 07:49AM,Panther Grocery 74,-7.48,1013.95
2/27/2023 12:52PM,Panther Grocery 74,-7.48,1021.43
2/27/2023 09:52AM,Panther Grocery 74,-7.87,1028.91
2/26/2023 08:17PM,Panther Grocery 74,-4.78,1036.78
2/26/2023 05:14PM,Panther Grocery 74,-6.88,1041.56
2/26/2023 12:32PM,Panther Grocery 74,-9.27,1048.44
2/25/2023 11:34PM,Rat Pizza-2  86,-14.98,1057.71
2/24/2023 02:49PM,Panther Grocery 74,-6.77,1072.69
2/24/2023 10:24AM,Panther Grocery 74,-6.28,1079.46
2/23/2023 12:57PM,Panther Grocery 74,-9.17,1085.74
2/23/2023 08:56AM,Panther Grocery 74,-5.97,1094.91
2/22/2023 11:33AM,Panther Grocery 72,-9.98,1100.88
2/22/2023 03:04AM,UGRYD 5900 Vending,-3.75,1110.86
2/21/2023 12:59PM,Panther Grocery 74,-5.19,1114.61
2/21/2023 09:38AM,Panther Grocery 74,-5.67,1119.80
2/20/2023 11:55AM,Panther Grocery 74,-9.27,1125.47
2/20/2023 10:32AM,Panther Grocery 74,-0.99,1134.74
2/19/2023 07:29PM,Panther Grocery 74,-9.76,1135.73
2/19/2023 11:42AM,Panther Grocery 74,-8.56,1145.49
2/18/2023 03:46PM,Panther Dining 70 WS6,-9.00,1154.05
2/18/2023 11:12AM,Panther Grocery 74,-7.52,1163.05
2/17/2023 11:03PM,UGRYD 5900 Vending,-3.75,1170.57
2/17/2023 06:11PM,Panther Grocery 74,-6.49,1174.32
2/17/2023 02:56PM,Panther Grocery 74,-8.68,1180.81
2/17/2023 10:18AM,Panther Grocery 74,-0.99,1189.49
2/16/2023 06:31PM,Panther Grocery 74,-7.48,1190.48
2/16/2023 01:07PM,Panther Grocery 74,-7.68,1197.96
2/16/2023 11:52AM,Panther Grocery 74,-0.99,1205.64
2/15/2023 06:27PM,Panther Grocery 74,-7.48,1206.63
2/15/2023 12:28PM,Panther Grocery 74,-6.96,1214.11
2/14/2023 08:10PM,Panther Grocery 74,-8.08,1221.07
2/14/2023 12:59PM,Panther Grocery 74,-0.50,1229.15
2/14/2023 12:58PM,Panther Grocery 74,-5.19,1229.65
2/14/2023 09:39AM,Panther Grocery 74,-7.97,1234.84
2/14/2023 02:23AM,UGRYD 5900 Vending,-3.75,1242.81
2/13/2023 07:06PM,Panther Grocery 74,-6.49,1246.56
2/13/2023 09:50AM,Panther Grocery 74,-6.87,1253.05
2/12/2023 02:33PM,Panther Grocery 74,-8.26,1259.92
2/12/2023 10:17AM,Panther Grocery 74,-8.67,1268.18
2/11/2023 11:39PM,UGRYD 5900 Vending,-1.75,1276.85
2/11/2023 11:39PM,UGRYD 5900 Vending,-3.75,1278.60
2/11/2023 04:29PM,Panther Grocery 74,-2.08,1282.35
2/11/2023 12:02PM,Panther Grocery 74,-9.18,1284.43
2/10/2023 01:45PM,Panther Grocery 74,-8.77,1293.61
2/10/2023 09:58AM,Panther Grocery 74,-5.67,1302.38
2/10/2023 09:22AM,Panther Grocery 74,-3.49,1308.05
2/09/2023 06:20PM,Panther Grocery 74,-7.37,1311.54
2/09/2023 01:02PM,Panther Grocery 74,-5.19,1318.91
2/09/2023 09:57AM,Panther Grocery 74,-5.67,1324.10
2/09/2023 12:35AM,UGRYD 5900 Vending,-3.75,1329.77
2/08/2023 10:08AM,Panther Grocery 74,-5.72,1333.52
2/07/2023 05:27PM,Panther Grocery 74,-10.57,1339.24
2/07/2023 12:59PM,Panther Grocery 74,-5.19,1349.81
2/07/2023 10:46AM,Panther Grocery 74,-0.99,1355.00
2/07/2023 07:40AM,Panther Grocery 74,-4.28,1355.99
2/06/2023 08:10PM,Panther Grocery 74,-5.49,1360.27
2/06/2023 12:09PM,Panther Grocery 74,-6.56,1365.76
2/05/2023 06:28PM,Panther Grocery 74,-8.08,1372.32
2/04/2023 07:25PM,Panther Grocery 74,-4.58,1380.40
2/04/2023 01:37PM,Panther Grocery 74,-5.28,1384.98
2/04/2023 10:38AM,Panther Grocery 74,-8.33,1390.26
2/03/2023 07:12PM,Panther Grocery 74,-8.57,1398.59
2/03/2023 03:00PM,Panther Grocery 74,-2.08,1407.16
2/03/2023 11:49AM,Panther Grocery 74,-6.49,1409.24
2/03/2023 10:50AM,Panther Grocery 74,-0.99,1415.73
2/02/2023 07:10PM,Panther Grocery 74,-7.23,1416.72
2/02/2023 01:02PM,Panther Grocery 74,-6.77,1423.95
2/02/2023 10:18AM,Panther Grocery 74,-4.28,1430.72
2/01/2023 06:28PM,Panther Grocery 74,-9.08,1435.00
2/01/2023 03:06PM,Panther Grocery 74,-4.98,1444.08
2/01/2023 07:49AM,Panther Grocery 74,-4.98,1449.06
1/31/2023 08:50PM,Panther Grocery 74,-2.39,1454.04
1/31/2023 01:00PM,Panther Grocery 74,-9.47,1456.43
1/31/2023 08:54AM,Panther Grocery 74,-4.53,1465.90
1/30/2023 06:29PM,Panther Grocery 74,-4.79,1470.43
1/30/2023 04:44PM,Panther Grocery 74,-0.99,1475.22
1/30/2023 09:08AM,Panther Grocery 74,-5.43,1476.21
1/29/2023 10:37AM,Panther Grocery 74,-4.53,1481.64
1/28/2023 11:55PM,UGRYD 5900 Vending,-3.75,1486.17
1/28/2023 09:37PM,UGRYD 5900 Vending,-2.25,1489.92
1/28/2023 09:12PM,Rat Main Line 83,-21.48,1492.17
1/28/2023 11:25AM,Panther Grocery 74,-11.02,1513.65
1/27/2023 02:57PM,Panther Grocery 74,-11.02,1524.67
1/27/2023 11:51AM,UGRYD 5900 Vending,-2.50,1535.69
1/27/2023 10:04AM,Panther Grocery 74,-4.53,1538.19
1/26/2023 08:13PM,Panther Grocery 74,-8.78,1542.72
1/26/2023 05:05PM,Panther Grocery 72,-6.49,1551.50
1/26/2023 10:53AM,Panther Grocery 74,-0.99,1557.99
1/26/2023 09:08AM,Panther Grocery 74,-8.67,1558.98
1/25/2023 10:54PM,UGRYD 5900 Vending,-1.75,1567.65
1/25/2023 10:51PM,UGRYD 5900 Vending,-3.75,1569.40
1/25/2023 06:31PM,Panther Grocery 74,-0.99,1573.15
1/25/2023 03:00PM,Panther Grocery 74,-6.48,1574.14
1/25/2023 01:52PM,UGRYD 5900 Vending,-3.75,1580.62
1/25/2023 07:37AM,Panther Grocery 74,-7.23,1584.37
1/24/2023 06:37PM,Panther Grocery 74,-10.48,1591.60
1/24/2023 01:00PM,Panther Grocery 74,-4.58,1602.08
1/24/2023 07:18AM,Panther Grocery 74,-6.98,1606.66
1/23/2023 06:54PM,Panther Grocery 74,-2.78,1613.64
1/23/2023 12:55PM,UGRYD 5900 Vending,-3.60,1616.42
1/23/2023 08:31AM,Panther Grocery 74,-16.58,1620.02
1/22/2023 12:20PM,Panther Grocery 74,-5.48,1636.60
1/21/2023 04:43PM,Panther Grocery 74,-4.98,1642.08
1/20/2023 10:54PM,Rat Pizza-1  85,-14.69,1647.06
1/20/2023 07:50PM,Panther Grocery 72,-3.09,1661.75
1/20/2023 09:11AM,Panther Grocery 74,-5.48,1664.84
1/19/2023 09:37AM,Panther Grocery 74,-5.48,1670.32
1/18/2023 10:17AM,Panther Grocery 74,-58.47,1675.80
1/17/2023 03:10PM,Panther Grocery 74,-3.09,1734.27
1/17/2023 10:59AM,Panther Grocery 74,-5.48,1737.36
1/15/2023 07:30PM,Panther Grocery 74,-2.69,1742.84
1/15/2023 05:13PM,Panther Grocery 74,-3.09,1745.53
1/15/2023 09:12AM,Panther Grocery 74,-6.98,1748.62
1/13/2023 11:04AM,Panther Grocery 74,-5.39,1755.60
1/13/2023 12:08AM,UGRYD 5900 Vending,-2.75,1760.99
1/12/2023 08:07PM,Panther Grocery 74,-5.98,1763.74
1/12/2023 01:06PM,Panther Grocery 74,-8.88,1769.72
1/12/2023 11:11AM,UGRYD 5900 Vending,-3.75,1778.60
1/11/2023 07:32PM,Panther Grocery 74,-3.09,1782.35
1/11/2023 09:41AM,Panther Grocery 74,-9.68,1785.44
1/10/2023 04:51PM,Panther Grocery 74,-6.08,1795.12
1/10/2023 10:58AM,Panther Grocery 74,-9.77,1801.20
1/09/2023 07:49PM,Panther Grocery 74,-6.08,1810.97
1/09/2023 08:10AM,Panther Grocery 74,-3.09,1817.05
1/08/2023 02:35PM,Panther Grocery 74,-3.09,1820.14
1/07/2023 11:43AM,Panther Grocery 74,-2.89,1823.23
12/19/2022 01:27PM,PatronImport Location - Credit,1825.00,1826.12
10/24/2022 09:06PM,UGRYD 5900 Vending,-3.85,1.12
10/21/2022 01:38PM,UGRYD 5900 Vending,-3.75,4.97
10/20/2022 09:36AM,UGRYD 5900 Vending,-3.75,8.72
10/19/2022 09:07PM,UGRYD 5900 Vending,-3.75,12.47
10/19/2022 07:40PM,UGRYD 5900 Vending,-3.75,16.22
10/18/2022 01:09PM,UGRYD 5900 Vending,-3.70,19.97
10/13/2022 09:51PM,UGRYD 5900 Vending,-3.85,23.67
10/11/2022 05:18PM,Panther Grocery 74,-3.09,27.52
10/07/2022 07:07PM,Panther Grocery 74,-3.59,30.61
10/03/2022 09:06PM,UGRYD 5900 Vending,-3.70,34.20
10/03/2022 06:25PM,UGRYD 5900 Vending,-3.85,37.90
10/03/2022 02:09PM,Panther Grocery 74,-2.19,41.75
10/02/2022 09:59PM,UGRYD 5900 Vending,-3.85,43.94
10/02/2022 04:19PM,UGRYD 5900 Vending,-3.75,47.79
